,id,bank_predicted
0,336,0
1,2702,0
2,84,0
3,618,0
4,2127,0
5,3074,0
6,815,0
7,1813,0
8,2010,0
9,3222,0
10,3656,0
11,3613,0
12,2523,0
13,1260,0
14,2465,0
15,679,0
16,2888,0
17,3633,0
18,3401,0
19,282,0
20,462,0
21,645,0
22,2977,0
23,1764,0
24,2710,0
25,1094,0
26,742,0
27,2191,0
28,2121,0
29,817,0
30,2773,0
31,158,0
32,3449,0
33,689,0
34,3361,0
35,1360,0
36,4058,0
37,3695,0
38,3593,0
39,3068,0
40,1415,1
41,427,0
42,3701,0
43,460,0
44,2721,0
45,3343,0
46,1108,0
47,3071,0
48,799,0
49,1611,0
50,2490,0
51,2330,0
52,3331,0
53,3345,0
54,3137,0
55,654,0
56,3659,0
57,1720,0
58,848,0
59,2589,0
60,3178,0
61,65,0
62,2238,0
63,3937,0
64,1914,0
65,2673,0
66,1297,0
67,896,0
68,3055,0
69,819,0
70,2632,0
71,2466,0
72,1785,0
73,2836,0
74,671,0
75,405,0
76,1508,0
77,3367,0
78,3324,0
79,2554,0
80,3597,0
81,3684,0
82,3521,0
83,3600,0
84,2043,1
85,1756,0
86,2063,0
87,876,0
88,3617,0
89,998,0
90,777,0
91,1319,0
92,125,0
93,2514,0
94,2486,0
95,3747,0
96,3940,0
97,3952,0
98,1871,0
99,735,0
100,1392,0
101,3653,0
102,2782,0
103,3054,0
104,1148,0
105,3818,0
106,1191,0
107,3547,0
108,1165,0
109,3021,0
110,4060,0
111,2269,0
112,320,0
113,3371,0
114,3578,0
115,3392,0
116,3386,0
117,3655,0
118,3238,0
119,4110,0
120,2090,0
121,2245,0
122,496,0
123,1620,0
124,1068,0
125,2557,1
126,2665,0
127,3268,0
128,3061,0
129,2394,0
130,3363,0
131,2266,0
132,3570,0
133,1759,0
134,2380,0
135,1472,0
136,3588,0
137,524,0
138,3957,0
139,3708,1
140,3152,0
141,3847,0
142,3396,0
143,2529,0
144,2672,0
145,1729,0
146,1087,0
147,3571,0
148,3767,0
149,2080,0
150,690,0
151,2614,0
152,1887,0
153,552,0
154,1257,0
155,839,0
156,3740,0
157,3194,0
158,1281,0
159,1408,0
160,816,0
161,3093,0
162,2391,0
163,2979,1
164,1380,0
165,2235,0
166,918,0
167,850,0
168,924,0
169,166,1
170,4025,0
171,1550,0
172,3213,0
173,2366,0
174,2860,0
175,1353,0
176,3261,0
177,230,0
178,3299,0
179,3645,0
180,3349,0
181,3443,1
182,1957,0
183,290,0
184,1443,0
185,243,0
186,1985,0
187,1414,0
188,3207,0
189,3775,0
190,1660,0
191,2373,0
192,4075,0
193,445,0
194,264,1
195,3142,0
196,832,0
197,3665,0
198,145,0
199,738,0
200,897,0
201,157,0
202,1778,0
203,147,0
204,1014,0
205,2811,0
206,3089,0
207,205,1
208,1956,0
209,1638,0
210,3558,0
211,1354,0
212,3648,0
213,2796,0
214,1727,0
215,574,0
216,900,0
217,1146,0
218,392,1
219,303,0
220,2996,0
221,903,0
222,3132,0
223,1523,0
224,152,0
225,598,0
226,1622,1
227,3591,0
228,2624,0
229,1469,0
230,3931,0
231,249,0
232,4065,0
233,3718,0
234,534,0
235,3402,0
236,1330,0
237,3928,0
238,1784,0
239,2880,0
240,1830,0
241,133,0
242,2161,0
243,1572,0
244,1958,0
245,3035,0
246,1055,0
247,1141,0
248,383,0
249,1377,0
250,1832,0
251,3240,0
252,526,0
253,1118,0
254,2766,0
255,2251,0
256,635,0
257,177,0
258,2787,0
259,613,0
260,3175,0
261,2280,0
262,2991,0
263,1485,0
264,3174,0
265,2637,0
266,502,1
267,718,0
268,1268,0
269,2856,0
270,2360,1
271,901,0
272,2162,0
273,1358,0
274,1529,0
275,1864,0
276,3039,0
277,2567,0
278,941,0
279,1194,0
280,2537,0
281,3048,0
282,1095,0
283,1878,0
284,4052,0
285,3676,0
286,2586,0
287,4027,0
288,2785,0
289,2389,0
290,1018,0
291,2576,1
292,3857,0
293,857,0
294,1514,0
295,1348,0
296,905,0
297,1821,0
298,3913,0
299,2691,0
300,2494,0
301,1976,0
302,736,0
303,1609,0
304,237,0
305,922,0
306,2651,0
307,1616,0
308,316,0
309,1365,0
310,2097,0
311,4009,0
312,683,0
313,1990,0
314,1581,0
315,825,0
316,183,0
317,444,0
318,2690,0
319,3514,0
320,2357,0
321,1138,0
322,3884,0
323,2685,0
324,4090,0
325,2364,0
326,1229,0
327,1324,0
328,775,0
329,1214,0
330,1870,0
331,3300,1
332,420,0
333,569,0
334,1219,0
335,351,0
336,2853,0
337,3742,0
338,1535,0
339,3388,0
340,2668,0
341,80,0
342,3823,0
343,3679,0
344,2952,0
345,2310,0
346,2606,0
347,1220,0
348,1277,0
349,2372,0
350,1829,0
351,1000,0
352,535,0
353,331,0
354,1557,0
355,330,0
356,3375,0
357,200,0
358,4,0
359,1516,0
360,3417,0
361,39,0
362,1303,0
363,3920,0
364,3271,1
365,631,0
366,241,0
367,1659,0
368,2636,0
369,1561,0
370,3662,1
371,475,0
372,1647,0
373,2088,0
374,2152,0
375,1228,0
376,584,0
377,3752,0
378,1465,1
379,378,0
380,1106,0
381,559,0
382,1084,0
383,1886,0
384,891,0
385,3223,0
386,1285,0
387,1069,0
388,1806,0
389,2953,0
390,1427,0
391,3734,0
392,173,0
393,1607,0
394,2688,0
395,3585,0
396,2855,0
397,1463,0
398,2714,0
399,3012,0
400,1925,0
401,300,0
402,2533,0
403,3482,0
404,2006,0
405,3528,0
406,608,0
407,826,1
408,436,0
409,257,0
410,634,0
411,2978,0
412,5,0
413,2295,1
414,3398,0
415,2542,0
416,248,0
417,3638,0
418,214,0
419,3087,1
420,2995,0
421,3318,0
422,1738,0
423,1327,0
424,2770,0
425,370,0
426,3322,0
427,480,0
428,3986,0
429,2459,0
430,1859,0
431,2548,0
432,498,0
433,3620,0
434,2590,0
435,1461,0
436,805,0
437,395,0
438,931,0
439,1403,1
440,2218,0
441,2900,0
442,1394,0
443,190,0
444,3454,0
445,206,0
446,4001,0
447,1812,0
448,2342,0
449,4044,0
450,1517,0
451,3340,0
452,962,0
453,1500,0
454,364,0
455,2815,0
456,719,0
457,63,1
458,3274,0
459,4093,0
460,2463,0
461,220,0
462,838,0
463,756,0
464,2289,0
465,3758,1
466,1619,0
467,978,0
468,2440,0
469,3327,0
470,347,0
471,2551,0
472,2521,0
473,1961,0
474,333,0
475,2074,0
476,3500,0
477,1334,0
478,1233,0
479,4059,0
480,3540,0
481,82,0
482,2268,0
483,1383,0
484,238,0
485,3210,0
486,426,1
487,3629,0
488,3186,0
489,406,0
490,435,0
491,2988,0
492,2562,1
493,3126,0
494,1772,0
495,2144,0
496,625,0
497,2098,0
498,210,0
499,3764,0
500,605,0
501,1468,0
502,871,0
503,2762,0
504,2805,0
505,452,0
506,4040,0
507,2937,0
508,1200,0
509,3308,0
510,1412,0
511,2526,0
512,114,0
513,3989,0
514,4076,0
515,590,0
516,1896,0
517,2220,0
518,2422,0
519,655,0
520,1583,0
521,1903,0
522,1549,0
523,167,0
524,954,0
525,2196,0
526,1406,0
527,3103,0
528,1740,0
529,2255,0
530,3912,0
531,1039,0
532,2532,0
533,1548,0
534,4015,0
535,949,0
536,1521,0
537,2035,0
538,1487,0
539,3612,0
540,1375,0
541,2778,0
542,3531,0
543,2194,0
544,3720,0
545,3183,0
546,165,0
547,3295,0
548,3705,0
549,772,0
550,555,0
551,2925,0
552,3982,0
553,697,1
554,3117,0
555,2077,0
556,1713,0
557,2004,0
558,1731,0
559,3809,0
560,2291,0
561,99,0
562,570,0
563,3511,0
564,2602,0
565,1429,0
566,3258,0
567,3624,0
568,2840,0
569,2199,0
570,1695,0
571,3669,0
572,2799,0
573,1774,0
574,4041,0
575,327,0
576,3761,0
577,2351,0
578,3305,0
579,3853,0
580,156,0
581,309,0
582,419,0
583,2869,0
584,4107,0
585,1534,0
586,2404,0
587,3125,0
588,4036,0
589,609,0
590,3755,0
591,358,0
592,3614,0
593,1299,1
594,2060,0
595,1248,0
596,2997,0
597,1564,0
598,295,0
599,1093,0
600,142,0
601,2306,0
602,3880,0
603,2596,0
604,276,0
605,588,0
606,3953,0
607,790,0
608,2252,0
609,3840,0
610,469,0
611,1939,0
612,2388,0
613,669,0
614,2299,0
615,476,0
616,3724,0
617,4087,0
618,656,0
619,1908,0
620,2935,0
621,3399,0
622,175,0
623,3433,0
624,3403,0
625,1712,0
626,3111,0
627,612,0
628,2783,0
629,52,0
630,3047,0
631,3878,0
632,4032,0
633,2585,0
634,1435,1
635,2883,0
636,3065,0
637,2329,0
638,935,0
639,3854,0
640,4033,0
641,3364,0
642,2966,0
643,4115,0
644,2496,0
645,3505,0
646,301,0
647,335,0
648,4112,0
649,3369,0
650,4109,0
651,3216,0
652,2812,0
653,222,0
654,384,0
655,701,0
656,573,0
657,2148,0
658,1573,0
659,1788,0
660,1745,1
661,2335,0
662,1655,0
663,3670,0
664,1382,0
665,2124,0
666,407,0
667,255,0
668,2316,0
669,3108,0
670,3960,0
671,2933,0
672,3944,0
673,4104,0
674,3064,0
675,58,0
676,2654,0
677,2018,0
678,2865,0
679,61,0
680,2066,0
681,2438,0
682,3081,0
683,2555,0
684,3642,0
685,2188,1
686,2851,0
687,2831,0
688,46,0
689,1374,0
690,202,0
691,1153,0
692,3128,0
693,1115,0
694,2470,0
695,1893,0
696,3972,0
697,749,0
698,209,0
699,1308,0
700,3201,0
701,1890,0
702,966,1
703,622,0
704,596,0
705,1454,0
706,1950,0
707,453,0
708,970,0
709,2094,0
710,42,0
711,3754,0
712,1206,0
713,3101,0
714,1635,0
715,1337,0
716,55,0
717,2698,0
718,3168,0
719,3079,0
720,3146,0
721,1082,0
722,2875,0
723,2024,0
724,2870,0
725,2182,0
726,3337,0
727,1163,0
728,904,0
729,474,0
730,3211,1
731,2674,0
732,713,1
733,1345,0
734,2170,0
735,1970,0
736,712,0
737,127,0
738,1151,0
739,3641,0
740,543,0
741,2262,0
742,1662,1
743,463,0
744,2705,0
745,2734,0
746,1046,0
747,2086,0
748,2384,0
749,714,0
750,328,0
751,3160,0
752,4061,0
753,2345,0
754,2217,0
755,1560,0
756,1949,0
757,2924,0
758,2403,0
759,3426,0
760,286,0
761,3296,0
762,2412,0
763,959,0
764,2648,0
765,2488,0
766,3630,0
767,106,0
768,1842,0
769,3774,0
770,2649,0
771,3657,1
772,1982,0
773,3312,0
774,3722,0
775,1119,0
776,1618,0
777,3084,0
778,1013,0
779,17,0
780,338,0
781,1846,0
782,3158,0
783,3370,0
784,417,0
785,2563,0
786,1432,0
787,1008,0
788,2957,0
789,717,0
790,1317,0
791,1580,0
792,198,0
793,409,0
794,341,1
795,601,0
796,3598,0
797,2666,0
798,3647,0
799,3107,0
800,1634,0
801,1101,0
802,1049,0
803,1251,0
804,1271,0
805,1293,1
806,2505,0
807,3582,0
808,3230,0
809,3889,0
810,2669,1
811,3819,0
812,1591,0
813,2485,0
814,1936,0
815,803,0
816,1952,0
817,3441,0
818,226,0
819,600,0
820,990,0
821,1204,0
822,2971,0
823,3808,0
824,1779,0
825,3214,0
826,430,0
827,3104,0
828,2309,0
829,3814,1
830,3916,0
831,4098,0
832,3031,0
833,4048,0
834,3513,0
835,2185,0
836,260,0
837,760,0
838,346,0
839,69,0
840,3270,0
841,1955,0
842,2715,0
843,154,1
844,2187,0
845,1085,0
846,1844,0
847,1680,0
848,1604,0
849,702,0
850,3184,0
851,1787,0
852,3693,0
853,2013,0
854,2508,0
855,1594,0
856,1117,0
857,389,0
858,2656,0
859,3384,0
860,3237,0
861,3502,0
862,1593,0
863,2070,0
864,2504,0
865,3264,0
866,685,0
867,2861,0
868,1458,0
869,3461,0
870,2930,1
871,1715,0
872,3654,0
873,3631,0
874,2420,0
875,943,0
876,2942,0
877,1003,0
878,2062,0
879,2798,1
880,581,0
881,3856,0
882,225,0
883,2263,0
884,3298,0
885,2085,0
886,2720,0
887,1476,0
888,3347,0
889,3890,0
890,2893,0
891,1981,0
892,1851,1
893,3462,0
894,3136,0
895,3043,1
896,307,0
897,298,0
898,92,0
899,3680,0
900,1173,0
901,3532,0
902,2147,0
903,2948,0
904,2436,0
905,829,0
906,1387,0
907,632,0
908,477,0
909,3163,0
910,1684,0
911,2253,0
912,2920,0
913,432,0
914,3836,0
915,987,0
916,1924,0
917,2355,1
918,3713,0
919,624,0
920,1322,0
921,2393,0
922,751,0
923,2457,0
924,2975,0
925,2495,0
926,3100,0
927,2260,0
928,3590,0
929,1185,0
930,3378,0
931,1706,0
932,3870,0
933,3608,0
934,606,0
935,582,0
936,3463,0
937,3445,0
938,3173,0
939,262,0
940,393,0
941,2455,0
942,1300,0
943,3360,0
944,3930,0
945,1265,0
946,3483,0
947,3545,0
948,3069,0
949,2278,0
950,2623,0
951,1918,1
952,3487,0
953,2922,0
954,2808,0
955,2282,0
956,2497,0
957,1861,0
958,425,0
959,969,0
960,695,0
961,1736,0
962,771,0
963,1667,0
964,2104,0
965,139,0
966,3688,0
967,1947,1
968,3602,0
969,3504,0
970,3409,0
971,2918,0
972,87,0
973,511,0
974,3845,0
975,3644,0
976,2434,1
977,975,0
978,3284,0
979,2100,0
980,3411,0
981,2321,0
982,2123,1
983,3014,0
984,1056,0
985,2468,0
986,2246,0
987,3827,0
988,1436,0
989,3147,0
990,593,0
991,2747,0
992,1109,0
993,1388,0
994,652,0
995,3926,0
996,2300,1
997,1802,0
998,2569,0
999,1913,0
1000,3474,0
1001,3829,0
1002,2083,1
1003,514,0
1004,822,0
1005,1714,1
1006,1576,0
1007,1496,0
1008,2603,0
1009,71,0
1010,43,0
1011,2042,0
1012,549,0
1013,1121,0
1014,1691,0
1015,3903,0
1016,820,0
1017,1157,0
1018,350,0
1019,3034,0
1020,188,0
1021,1066,0
1022,830,0
1023,3691,0
1024,3155,0
1025,3607,0
1026,783,0
1027,159,0
1028,2381,0
1029,3539,0
1030,1598,0
1031,3744,0
1032,533,0
1033,3575,0
1034,2580,0
1035,3881,0
1036,3072,0
1037,3383,0
1038,2561,0
1039,1530,0
1040,3732,0
1041,67,0
1042,3909,0
1043,2732,0
1044,2850,0
1045,977,0
1046,3550,0
1047,1129,0
1048,1995,0
1049,1749,0
1050,1946,0
1051,541,0
1052,1773,0
1053,2730,0
1054,3628,0
1055,1315,0
1056,3566,1
1057,1578,0
1058,1226,0
1059,3188,1
1060,648,0
1061,678,0
1062,1834,1
1063,1404,0
1064,101,0
1065,1763,0
1066,344,0
1067,174,0
1068,501,0
1069,3235,0
1070,886,0
1071,4017,0
1072,113,0
1073,2103,1
1074,1828,0
1075,1284,0
1076,3120,0
1077,3610,0
1078,665,0
1079,639,0
1080,4108,0
1081,4046,0
1082,1711,1
1083,1894,0
1084,1827,0
1085,2476,0
1086,250,0
1087,3776,0
1088,1051,0
1089,916,0
1090,3121,0
1091,293,1
1092,270,0
1093,2701,0
1094,800,0
1095,285,0
1096,4103,0
1097,3949,0
1098,1239,0
1099,1612,0
1100,1050,0
1101,1670,0
1102,1332,0
1103,3421,0
1104,2572,1
1105,2419,0
1106,2091,0
1107,3037,0
1108,854,0
1109,898,0
1110,2908,0
1111,2129,0
1112,2556,0
1113,2038,0
1114,3062,0
1115,1909,0
1116,752,0
1117,2678,0
1118,2938,0
1119,3129,0
1120,525,0
1121,1439,0
1122,1710,0
1123,3368,0
1124,831,0
1125,10,0
1126,3565,0
1127,2500,0
1128,518,0
1129,3307,0
1130,3241,0
1131,2974,0
1132,3495,0
1133,1808,0
1134,1351,0
1135,4099,0
1136,2781,0
1137,3811,0
1138,745,0
1139,153,0
1140,2247,0
1141,3517,0
1142,3457,0
1143,2323,0
1144,4072,0
1145,467,0
1146,1362,0
1147,4068,0
1148,2159,0
1149,3231,0
1150,1994,0
1151,1211,0
1152,247,0
1153,2184,0
1154,580,0
1155,2534,0
1156,2919,0
1157,3948,0
1158,2725,0
1159,488,0
1160,16,0
1161,1520,0
1162,2118,1
1163,667,0
1164,279,0
1165,1158,0
1166,1363,0
1167,2834,0
1168,2943,0
1169,1930,0
1170,1273,1
1171,776,0
1172,2501,0
1173,120,0
1174,1202,0
1175,4018,0
1176,853,0
1177,3959,0
1178,956,0
1179,1183,0
1180,2706,0
1181,2895,0
1182,3902,0
1183,2771,0
1184,1817,0
1185,3549,0
1186,2992,0
1187,3738,0
1188,1562,0
1189,1495,0
1190,4097,0
1191,25,0
1192,3124,0
1193,1796,0
1194,2254,0
1195,2229,0
1196,813,0
1197,2002,0
1198,1881,0
1199,4022,0
1200,808,0
1201,3589,0
1202,2867,0
1203,2467,0
1204,650,0
1205,641,0
1206,586,0
1207,3001,0
1208,3546,0
1209,3376,0
1210,3382,0
1211,1795,0
1212,2132,0
1213,1477,0
1214,3311,0
1215,2174,0
1216,740,0
1217,3336,0
1218,2520,0
1219,953,0
1220,2195,0
1221,3321,0
1222,2261,0
1223,1339,0
1224,796,0
1225,3032,0
1226,1369,0
1227,2544,0
1228,2215,0
1229,3698,0
1230,3145,0
1231,1669,0
1232,433,0
1233,3219,0
1234,213,1
1235,1255,0
1236,1649,0
1237,2359,0
1238,2752,0
1239,326,0
1240,3005,1
1241,852,0
1242,3901,0
1243,2517,0
1244,2313,0
1245,2204,0
1246,4116,0
1247,589,0
1248,1675,0
1249,3623,0
1250,3492,0
1251,1180,0
1252,1237,0
1253,3842,0
1254,45,0
1255,658,0
1256,1791,0
1257,937,0
1258,3706,1
1259,2844,0
1260,1867,0
1261,1060,0
1262,3330,0
1263,2368,0
1264,2429,0
1265,1134,0
1266,129,0
1267,3342,0
1268,1526,0
1269,3400,0
1270,3224,0
1271,2897,0
1272,4111,0
1273,1041,0
1274,2772,0
1275,2927,0
1276,2740,0
1277,2447,0
1278,2716,0
1279,3076,0
1280,3447,0
1281,846,0
1282,527,0
1283,144,0
1284,302,0
1285,2622,0
1286,3166,0
1287,1799,0
1288,1341,0
1289,271,0
1290,212,0
1291,2259,0
1292,1646,0
1293,754,0
1294,450,0
1295,2615,0
1296,3501,0
1297,2033,0
1298,1757,0
1299,2119,0
1300,2892,0
1301,849,0
1302,3998,0
1303,40,0
1304,1554,0
1305,2462,0
1306,688,0
1307,979,0
1308,892,0
1309,2213,0
1310,2029,0
1311,2172,0
1312,3668,0
1313,2304,1
1314,3712,0
1315,1888,0
1316,2824,0
1317,737,0
1318,2984,0
1319,797,0
1320,1570,0
1321,2277,0
1322,161,0
1323,4010,0
1324,1357,0
1325,3140,1
1326,3247,0
1327,272,0
1328,616,0
1329,811,0
1330,3984,0
1331,3927,0
1332,1004,0
1333,748,0
1334,1975,0
1335,3416,0
1336,761,0
1337,3923,0
1338,3393,0
1339,2131,0
1340,3743,0
1341,3850,0
1342,3232,0
1343,1541,0
1344,2311,0
1345,3675,0
1346,3697,0
1347,3387,0
1348,1752,0
1349,3869,0
1350,909,0
1351,2767,0
1352,2089,0
1353,4054,0
1354,1656,0
1355,2009,0
1356,1040,0
1357,2738,0
1358,2040,0
1359,3770,0
1360,3891,0
1361,2962,0
1362,521,0
1363,4070,0
1364,2275,0
1365,3490,0
1366,781,0
1367,2956,0
1368,1849,0
1369,2558,0
1370,3283,0
1371,3874,0
1372,1674,0
1373,4080,0
1374,1559,0
1375,3625,0
1376,3725,0
1377,2487,0
1378,2471,0
1379,3246,0
1380,3728,0
1381,3604,0
1382,3066,0
1383,2281,0
1384,1333,0
1385,3479,0
1386,2015,0
1387,1075,0
1388,870,0
1389,388,0
1390,1783,0
1391,3788,0
1392,1968,0
1393,1793,0
1394,2369,0
1395,750,0
1396,1992,0
1397,2105,0
1398,1352,0
1399,1246,0
1400,834,0
1401,3702,0
1402,707,0
1403,3460,0
1404,3763,0
1405,3991,0
1406,2489,1
1407,1089,1
1408,1070,0
1409,2699,0
1410,3486,0
1411,1837,0
1412,2365,0
1413,1545,0
1414,2318,0
1415,933,0
1416,21,0
1417,912,0
1418,2011,1
1419,2473,0
1420,1267,0
1421,3397,0
1422,2973,0
1423,313,0
1424,1007,0
1425,2507,0
1426,3256,0
1427,3861,0
1428,1928,0
1429,1044,0
1430,3938,0
1431,711,0
1432,2825,0
1433,304,0
1434,193,0
1435,465,0
1436,1865,0
1437,4073,1
1438,3671,0
1439,3858,0
1440,2460,0
1441,1980,0
1442,2987,1
1443,2067,0
1444,1631,0
1445,2208,0
1446,1417,0
1447,889,0
1448,1917,0
1449,636,0
1450,1770,0
1451,2341,0
1452,764,0
1453,371,0
1454,423,0
1455,1901,0
1456,1350,0
1457,2658,0
1458,1207,0
1459,4079,0
1460,3496,0
1461,143,0
1462,137,0
1463,399,0
1464,118,0
1465,2155,0
1466,3202,0
1467,1824,0
1468,2960,0
1469,123,0
1470,4023,0
1471,758,0
1472,2756,0
1473,2951,0
1474,1845,0
1475,3979,0
1476,59,0
1477,4006,0
1478,1258,0
1479,3432,0
1480,3580,0
1481,2464,0
1482,1964,0
1483,489,0
1484,841,0
1485,172,0
1486,2873,0
1487,1588,0
1488,3760,0
1489,1081,0
1490,3908,0
1491,858,0
1492,3257,0
1493,3494,0
1494,2441,0
1495,1247,0
1496,2647,0
1497,3910,0
1498,759,0
1499,798,0
1500,311,0
1501,1264,0
1502,3627,0
1503,2650,0
1504,1809,0
1505,1301,0
1506,2096,0
1507,2333,0
1508,1544,0
1509,349,0
1510,1019,0
1511,2418,0
1512,640,0
1513,2020,0
1514,448,0
1515,1143,0
1516,915,0
1517,3442,0
1518,3131,0
1519,2852,0
1520,1311,0
1521,308,0
1522,3244,1
1523,1195,0
1524,66,0
1525,2807,0
1526,1145,0
1527,1024,0
1528,3170,0
1529,2315,0
1530,1037,0
1531,4064,0
1532,1789,0
1533,1249,0
1534,117,0
1535,3452,0
1536,1104,0
1537,457,0
1538,2240,0
1539,1396,0
1540,1096,0
1541,2048,0
1542,416,0
1543,292,0
1544,3792,0
1545,134,0
1546,3849,0
1547,2028,0
1548,3741,0
1549,2845,0
1550,3619,0
1551,1626,0
1552,3436,0
1553,1217,0
1554,2198,0
1555,2211,0
1556,3381,0
1557,2823,0
1558,1507,0
1559,2804,0
1560,3007,0
1561,3116,0
1562,3791,0
1563,3185,0
1564,294,0
1565,2697,0
1566,1433,0
1567,3876,0
1568,859,0
1569,1547,1
1570,1152,0
1571,2328,0
1572,2212,1
1573,861,0
1574,2179,0
1575,2153,0
1576,2670,0
1577,3690,0
1578,472,1
1579,1413,0
1580,2079,0
1581,464,1
1582,1316,0
1583,967,0
1584,2833,0
1585,1621,0
1586,3228,0
1587,1579,1
1588,2728,0
1589,2383,0
1590,217,0
1591,2398,0
1592,3883,0
1593,2475,0
1594,1269,0
1595,1450,0
1596,2135,0
1597,2256,0
1598,446,0
1599,168,0
1600,1682,0
1601,4074,0
1602,2801,0
1603,4000,0
1604,1168,0
1605,140,1
1606,3002,0
1607,755,0
1608,4026,0
1609,1313,0
1610,1120,0
1611,2759,0
1612,1205,0
1613,267,0
1614,12,0
1615,3351,0
1616,3615,0
1617,856,0
1618,2573,0
1619,2944,0
1620,3503,0
1621,1892,0
1622,1181,0
1623,466,0
1624,207,0
1625,1026,0
1626,38,0
1627,2395,0
1628,3535,0
1629,2037,0
1630,3348,0
1631,4028,0
1632,763,0
1633,676,0
1634,211,0
1635,1971,0
1636,3250,0
1637,3525,0
1638,2439,0
1639,681,0
1640,2934,0
1641,2409,0
1642,773,0
1643,3677,0
1644,1543,0
1645,2206,0
1646,6,0
1647,3010,0
1648,1425,0
1649,2128,0
1650,2358,0
1651,3265,0
1652,2106,0
1653,3797,1
1654,744,0
1655,643,0
1656,1407,0
1657,2141,0
1658,3099,0
1659,1998,0
1660,3750,0
1661,23,0
1662,3122,1
1663,2283,0
1664,1135,0
1665,234,0
1666,1061,0
1667,4118,0
1668,686,0
1669,2985,0
1670,1831,0
1671,536,0
1672,1009,0
1673,3865,0
1674,633,0
1675,2522,0
1676,73,0
1677,2611,0
1678,1298,0
1679,1002,0
1680,2480,0
1681,1677,0
1682,2775,0
1683,2298,0
1684,1492,0
1685,3267,0
1686,2344,0
1687,3150,0
1688,919,0
1689,794,0
1690,76,0
1691,884,0
1692,2872,0
1693,620,1
1694,2525,0
1695,337,0
1696,3554,0
1697,2832,0
1698,1321,0
1699,1430,0
1700,2859,0
1701,867,0
1702,3177,0
1703,1091,0
1704,3390,0
1705,4020,0
1706,3208,0
1707,404,0
1708,2230,0
1709,2727,0
1710,1513,0
1711,3073,0
1712,621,0
1713,2609,0
1714,3715,0
1715,1325,0
1716,2469,0
1717,4029,0
1718,3609,0
1719,3971,0
1720,2286,0
1721,3335,0
1722,1804,0
1723,2579,0
1724,2,0
1725,3309,0
1726,1686,1
1727,4084,0
1728,141,0
1729,3272,0
1730,767,0
1731,938,0
1732,1668,0
1733,3714,0
1734,2947,0
1735,4067,0
1736,2723,0
1737,2059,0
1738,3157,0
1739,1274,0
1740,3510,0
1741,325,0
1742,1596,0
1743,2841,0
1744,1603,0
1745,1493,0
1746,727,0
1747,3278,0
1748,3831,0
1749,2375,0
1750,89,0
1751,2983,0
1752,2397,0
1753,1462,0
1754,3694,0
1755,418,0
1756,2616,0
1757,2749,0
1758,1331,0
1759,2331,0
1760,874,0
1761,1977,0
1762,3355,0
1763,2713,0
1764,3828,0
1765,3455,0
1766,659,1
1767,2143,0
1768,1473,0
1769,2502,0
1770,3123,0
1771,3024,0
1772,3182,0
1773,3559,0
1774,1556,0
1775,3806,0
1776,1857,0
1777,2659,0
1778,517,0
1779,2248,0
1780,921,0
1781,3892,0
1782,1445,0
1783,2426,0
1784,1877,0
1785,1464,0
1786,1716,0
1787,182,0
1788,3783,0
1789,973,0
1790,1645,0
1791,2233,0
1792,387,0
1793,3046,0
1794,1379,0
1795,696,0
1796,1155,0
1797,60,0
1798,1537,0
1799,2481,1
1800,1898,0
1801,2293,0
1802,2183,0
1803,3229,0
1804,1263,0
1805,318,0
1806,793,0
1807,3914,0
1808,828,0
1809,2423,0
1810,3003,0
1811,3717,0
1812,1503,0
1813,940,0
1814,2163,0
1815,1481,0
1816,2168,0
1817,2536,0
1818,3954,0
1819,2234,0
1820,2054,0
1821,1941,0
1822,1422,0
1823,332,0
1824,2842,0
1825,3958,0
1826,602,0
1827,413,0
1828,3689,0
1829,1441,0
1830,3964,0
1831,280,0
1832,2047,0
1833,1665,0
1834,3569,0
1835,459,0
1836,2022,0
1837,3406,0
1838,1483,0
1839,2435,0
1840,1782,0
1841,3506,0
1842,2909,0
1843,2001,0
1844,3389,0
1845,3434,0
1846,1398,0
1847,456,0
1848,906,0
1849,360,0
1850,1639,0
1851,3733,0
1852,1630,0
1853,3059,0
1854,1072,0
1855,3524,0
1856,3234,0
1857,1052,0
1858,3987,0
1859,3595,1
1860,587,0
1861,4086,0
1862,2108,0
1863,3020,0
1864,1426,0
1865,3515,0
1866,3058,0
1867,3587,0
1868,2506,0
1869,3448,0
1870,1042,0
1871,627,0
1872,3198,0
1873,1919,0
1874,3193,0
1875,1790,0
1876,2146,0
1877,1235,0
1878,2382,0
1879,2565,0
1880,2965,1
1881,19,0
1882,1266,0
1883,2581,0
1884,2763,0
1885,3838,0
1886,1895,0
1887,3418,0
1888,411,0
1889,1243,0
1890,2492,0
1891,2145,0
1892,3130,0
1893,866,0
1894,1742,0
1895,3520,0
1896,1459,0
1897,485,0
1898,269,0
1899,698,0
1900,1231,0
1901,1159,0
1902,2963,0
1903,1519,0
1904,3921,1
1905,3996,0
1906,895,0
1907,3053,0
1908,682,0
1909,1378,0
1910,851,0
1911,3497,0
1912,3898,0
1913,863,0
1914,571,1
1915,3899,0
1916,382,0
1917,386,0
1918,323,0
1919,2954,0
1920,3317,0
1921,261,0
1922,1786,0
1923,1704,0
1924,229,1
1925,3094,0
1926,3536,0
1927,35,0
1928,644,0
1929,3596,0
1930,1766,0
1931,4096,0
1932,2058,0
1933,2041,0
1934,403,0
1935,2539,0
1936,2724,0
1937,1996,0
1938,692,0
1939,2164,0
1940,185,0
1941,3567,0
1942,1811,0
1943,3189,0
1944,314,0
1945,986,0
1946,3544,0
1947,2431,0
1948,988,0
1949,1739,0
1950,809,0
1951,3581,1
1952,1250,0
1953,491,0
1954,236,0
1955,957,0
1956,1803,0
1957,3796,1
1958,1016,0
1959,3962,0
1960,1074,0
1961,1641,0
1962,2547,0
1963,1810,0
1964,359,0
1965,675,0
1966,199,0
1967,1086,0
1968,1883,0
1969,1703,0
1970,1748,1
1971,2583,0
1972,2444,0
1973,974,0
1974,1236,0
1975,2776,0
1976,3352,0
1977,2998,0
1978,1340,0
1979,2976,0
1980,3050,1
1981,2057,0
1982,3029,0
1983,2092,0
1984,2645,0
1985,3227,0
1986,4117,0
1987,1825,1
1988,412,0
1989,278,0
1990,3974,0
1991,2592,0
1992,2707,0
1993,75,1
1994,1807,0
1995,1015,0
1996,319,0
1997,542,0
1998,3905,0
1999,1448,0
2000,1942,0
2001,374,0
2002,567,0
2003,135,1
2004,1988,0
2005,3622,0
2006,1685,0
2007,70,0
2008,3329,0
2009,3151,0
2010,2531,0
2011,2317,0
2012,3919,0
2013,232,0
2014,3815,0
2015,3816,0
2016,2923,0
2017,2915,0
2018,2026,0
2019,93,0
2020,3192,0
2021,470,0
2022,3711,0
2023,1176,0
2024,3498,0
2025,1762,0
2026,2049,0
2027,2843,0
2028,2120,0
2029,1575,0
2030,2882,0
2031,115,0
2032,2722,0
2033,296,0
2034,1599,0
2035,2885,0
2036,3925,0
2037,1064,0
2038,1854,0
2039,479,0
2040,2854,0
2041,1585,0
2042,3316,0
2043,3563,0
2044,2847,0
2045,2780,0
2046,999,0
2047,1608,0
2048,2758,0
2049,2200,0
2050,2433,0
2051,1212,0
2052,2679,0
2053,256,0
2054,365,0
2055,443,0
2056,3601,0
2057,2826,0
2058,2166,0
2059,3782,0
2060,3709,0
2061,3499,0
2062,1189,0
2063,3994,0
2064,3911,0
2065,2704,0
2066,3789,0
2067,2633,0
2068,1637,0
2069,1860,1
2070,1518,0
2071,1916,0
2072,32,0
2073,554,0
2074,306,0
2075,2820,1
2076,1156,0
2077,807,0
2078,3618,1
2079,1022,0
2080,2031,0
2081,3832,0
2082,577,0
2083,1275,0
2084,1048,0
2085,155,0
2086,1722,0
2087,729,0
2088,3356,0
2089,2197,0
2090,2735,0
2091,1428,0
2092,548,0
2093,1431,0
2094,297,0
2095,1568,0
2096,3354,0
2097,3315,0
2098,1979,0
2099,9,0
2100,1186,0
2101,1209,0
2102,3999,0
2103,1587,0
2104,1164,0
2105,2828,0
2106,540,0
2107,2689,0
2108,2968,0
2109,2177,0
2110,3736,0
2111,1498,0
2112,723,0
2113,2566,0
2114,539,0
2115,3835,0
2116,504,0
2117,3450,0
2118,1182,0
2119,3882,0
2120,3516,0
2121,1312,0
2122,3683,0
2123,410,0
2124,2578,0
2125,1702,0
2126,497,0
2127,1863,1
2128,3000,0
2129,1577,1
2130,2676,0
2131,2591,0
2132,2928,0
2133,2326,0
2134,1467,0
2135,981,0
2136,1418,0
2137,112,0
2138,722,0
2139,2319,0
2140,733,0
2141,1067,0
2142,2361,0
2143,4100,0
2144,4031,0
2145,3772,0
2146,2613,0
2147,2425,0
2148,1088,0
2149,1291,0
2150,1536,0
2151,875,0
2152,1694,0
2153,1542,0
2154,2458,0
2155,694,0
2156,3350,0
2157,372,0
2158,2513,0
2159,401,0
2160,2916,0
2161,2619,0
2162,2270,0
2163,2411,0
2164,1765,0
2165,2176,0
2166,837,0
2167,2390,0
2168,2005,0
2169,259,0
2170,2564,0
2171,1640,0
2172,1307,0
2173,746,0
2174,3428,0
2175,1768,0
2176,283,0
2177,305,0
2178,57,0
2179,2610,0
2180,4047,0
2181,442,0
2182,2530,0
2183,1921,0
2184,192,0
2185,439,0
2186,3301,0
2187,263,1
2188,184,0
2189,3846,0
2190,2910,0
2191,2257,0
2192,20,1
2193,3212,0
2194,563,0
2195,945,0
2196,2950,0
2197,1111,0
2198,2479,0
2199,1709,0
2200,1242,0
2201,557,1
2202,2402,0
2203,2410,0
2204,3285,0
2205,604,0
2206,4089,1
2207,1794,1
2208,288,0
2209,119,0
2210,380,0
2211,3304,0
2212,3859,0
2213,3453,0
2214,1869,0
2215,2427,0
2216,2140,0
2217,1948,0
2218,1940,0
2219,2312,0
2220,2138,0
2221,3144,0
2222,1023,0
2223,4071,0
2224,1989,0
2225,2249,0
2226,1692,0
2227,2142,0
2228,862,0
2229,98,0
2230,81,1
2231,3266,0
2232,11,0
2233,2739,0
2234,1027,0
2235,1816,0
2236,1595,0
2237,801,0
2238,3780,0
2239,2273,0
2240,1225,0
2241,2541,0
2242,3936,0
2243,3844,0
2244,1823,0
2245,181,0
2246,611,0
2247,2709,0
2248,189,0
2249,779,0
2250,3451,0
2251,2719,0
2252,2239,0
2253,1819,0
2254,3886,0
2255,3339,0
2256,2264,1
2257,368,0
2258,1076,0
2259,1905,0
2260,402,0
2261,2640,0
2262,2818,0
2263,3795,0
2264,1582,0
2265,258,0
2266,2795,0
2267,191,0
2268,3477,0
2269,3314,0
2270,1642,0
2271,1047,1
2272,1798,0
2273,1571,0
2274,3834,0
2275,1987,0
2276,3555,0
2277,124,0
2278,2346,0
2279,1342,0
2280,1555,1
2281,709,0
2282,2192,0
2283,1424,0
2284,3651,0
2285,1841,0
2286,1446,0
2287,2906,0
2288,4011,0
2289,2019,1
2290,769,0
2291,3249,0
2292,888,0
2293,2703,0
2294,1797,0
2295,178,0
2296,3635,0
2297,102,0
2298,3509,0
2299,3404,0
2300,1792,0
2301,3538,0
2302,3008,0
2303,3526,0
2304,2524,0
2305,1850,0
2306,1494,1
2307,646,0
2308,1923,0
2309,3118,0
2310,1238,0
2311,2021,0
2312,911,0
2313,2806,0
2314,2224,0
2315,1967,1
2316,3105,0
2317,2641,0
2318,3344,0
2319,266,0
2320,1259,0
2321,2075,0
2322,1149,0
2323,2362,0
2324,3302,0
2325,233,0
2326,2340,0
2327,3995,0
2328,1107,0
2329,3015,0
2330,2216,0
2331,3652,0
2332,3200,0
2333,1103,0
2334,2302,0
2335,1201,0
2336,162,0
2337,253,0
2338,2980,0
2339,3822,0
2340,3083,0
2341,2817,0
2342,1457,0
2343,3320,0
2344,3947,0
2345,1184,0
2346,3139,0
2347,4085,0
2348,1814,0
2349,2236,0
2350,623,0
2351,1130,1
2352,1515,0
2353,2454,0
2354,3681,0
2355,1187,0
2356,2421,0
2357,97,0
2358,180,1
2359,2294,0
2360,1295,0
2361,3459,0
2362,2258,0
2363,95,0
2364,2790,0
2365,3135,0
2366,3468,0
2367,3980,0
2368,252,0
2369,3685,0
2370,242,0
2371,3098,0
2372,4019,0
2373,512,0
2374,3380,0
2375,2227,0
2376,4014,0
2377,2347,0
2378,1843,0
2379,1320,0
2380,3067,0
2381,1137,0
2382,503,0
2383,1381,0
2384,1304,0
2385,3333,0
2386,3848,0
2387,768,0
2388,3997,0
2389,762,0
2390,53,0
2391,126,0
2392,2349,0
2393,408,0
2394,1405,0
2395,2932,1
2396,1747,0
2397,3710,0
2398,2597,0
2399,2605,0
2400,2839,0
2401,2396,0
2402,3313,0
2403,219,0
2404,2746,0
2405,1852,0
2406,1705,0
2407,3323,0
2408,1614,0
2409,62,0
2410,4063,0
2411,2399,0
2412,136,0
2413,1031,0
2414,1624,0
2415,732,0
2416,1296,0
2417,1131,0
2418,1310,0
2419,1364,0
2420,3060,0
2421,90,0
2422,1880,0
2423,1592,1
2424,664,0
2425,4083,0
2426,8,0
2427,1470,0
2428,3338,0
2429,3553,0
2430,3893,0
2431,37,0
2432,2175,0
2433,3529,0
2434,1767,0
2435,3372,0
2436,2203,0
2437,3731,0
2438,1232,0
2439,2285,0
2440,78,0
2441,3480,0
2442,2967,0
2443,3977,0
2444,2167,0
2445,804,0
2446,1036,0
2447,753,0
2448,2406,0
2449,2272,0
2450,2593,0
2451,1102,0
2452,3825,0
2453,3379,0
2454,1224,0
2455,704,0
2456,3040,0
2457,3143,0
2458,2630,0
2459,1868,0
2460,1361,0
2461,766,0
2462,3470,0
2463,54,0
2464,914,0
2465,2068,0
2466,3276,0
2467,1059,0
2468,4034,0
2469,561,0
2470,3141,0
2471,630,0
2472,2055,0
2473,1688,0
2474,3440,0
2475,1132,0
2476,907,0
2477,2287,0
2478,1054,0
2479,2886,0
2480,3328,0
2481,1471,0
2482,1653,0
2483,1133,0
2484,1010,0
2485,2814,0
2486,231,0
2487,2030,0
2488,734,1
2489,2731,0
2490,1567,0
2491,1836,0
2492,2999,0
2493,3075,0
2494,1758,0
2495,3057,0
2496,1116,0
2497,1442,0
2498,2327,0
2499,2181,0
2500,27,0
2501,1648,0
2502,929,0
2503,1912,0
2504,3790,0
2505,1090,0
2506,1460,0
2507,2115,0
2508,1661,0
2509,1021,0
2510,342,0
2511,2072,0
2512,1035,0
2513,3929,0
2514,357,0
2515,4043,0
2516,4113,0
2517,2338,0
2518,653,0
2519,1801,0
2520,1719,0
2521,1079,0
2522,2629,0
2523,1681,1
2524,3297,1
2525,985,0
2526,3260,0
2527,2122,0
2528,2290,0
2529,3114,0
2530,3373,0
2531,3395,0
2532,948,0
2533,2743,1
2534,2498,0
2535,108,0
2536,2069,0
2537,3917,0
2538,1466,0
2539,1073,0
2540,204,0
2541,3291,0
2542,812,0
2543,1368,0
2544,131,0
2545,1451,0
2546,458,0
2547,2899,0
2548,3424,0
2549,201,0
2550,2071,0
2551,3190,0
2552,3561,0
2553,1208,0
2554,3817,0
2555,1423,0
2556,2214,0
2557,1282,0
2558,355,0
2559,1636,0
2560,3414,0
2561,550,0
2562,1679,0
2563,3934,0
2564,3745,0
2565,1170,0
2566,2694,0
2567,2753,0
2568,971,0
2569,2136,0
2570,291,0
2571,1693,0
2572,56,0
2573,558,0
2574,3784,0
2575,2800,0
2576,3686,0
2577,2608,0
2578,3056,0
2579,1935,0
2580,2288,0
2581,2936,0
2582,3768,0
2583,964,0
2584,2634,0
2585,3769,0
2586,2687,0
2587,699,0
2588,814,0
2589,3863,1
2590,1672,0
2591,1725,0
2592,1174,0
2593,3888,0
2594,1584,0
2595,2972,0
2596,1216,0
2597,3023,0
2598,963,0
2599,1737,0
2600,3102,0
2601,3616,0
2602,3133,0
2603,1349,0
2604,3552,0
2605,2655,0
2606,2652,0
2607,3420,0
2608,2990,0
2609,3922,0
2610,2493,0
2611,1683,0
2612,1632,0
2613,1294,0
2614,429,0
2615,1780,0
2616,2748,0
2617,3248,0
2618,494,1
2619,3950,0
2620,377,0
2621,1329,0
2622,3658,0
2623,2303,0
2624,944,0
2625,2570,0
2626,1502,0
2627,299,0
2628,4008,0
2629,3574,0
2630,992,0
2631,2733,0
2632,1589,0
2633,3041,0
2634,1539,0
2635,2742,0
2636,741,0
2637,3833,0
2638,1278,0
2639,7,0
2640,3045,0
2641,2901,1
2642,1367,0
2643,1400,0
2644,2667,0
2645,1001,0
2646,454,0
2647,1272,0
2648,2180,0
2649,1651,0
2650,4039,0
2651,672,0
2652,3551,1
2653,340,0
2654,1723,0
2655,3090,0
2656,478,1
2657,2219,0
2658,2314,0
2659,1057,0
2660,1177,0
2661,3956,0
2662,3955,0
2663,3640,1
2664,869,0
2665,1915,0
2666,4094,0
2667,22,1
2668,1241,0
2669,48,0
2670,1875,0
2671,1872,1
2672,2243,0
2673,14,0
2674,362,0
2675,3042,0
2676,1482,0
2677,2683,0
2678,2046,0
2679,619,0
2680,2958,0
2681,3637,0
2682,1373,0
2683,1289,0
2684,3843,0
2685,86,0
2686,451,0
2687,3983,0
2688,4081,0
2689,1384,0
2690,3935,0
2691,3242,0
2692,2371,0
2693,2560,0
2694,3573,0
2695,1959,0
2696,2680,0
2697,3794,1
2698,2912,0
2699,3804,0
2700,1945,0
2701,3162,0
2702,3119,0
2703,3530,0
2704,2794,0
2705,508,0
2706,1389,0
2707,2308,0
2708,2232,1
2709,715,0
2710,3966,0
2711,2379,0
2712,68,0
2713,3251,0
2714,2158,0
2715,3423,0
2716,1484,0
2717,684,0
2718,1663,0
2719,1938,0
2720,2939,0
2721,628,0
2722,2866,0
2723,2137,0
2724,3810,0
2725,788,0
2726,1781,0
2727,3091,0
2728,3723,1
2729,3113,1
2730,1932,0
2731,85,0
2732,163,0
2733,376,0
2734,3773,0
2735,1123,0
2736,936,0
2737,2718,0
2738,1254,0
2739,2271,0
2740,3176,0
2741,787,0
2742,2025,0
2743,3737,0
2744,3205,0
2745,4056,0
2746,3807,0
2747,2432,1
2748,529,0
2749,2370,0
2750,1328,0
2751,3508,0
2752,2959,0
2753,3988,0
2754,2628,0
2755,651,0
2756,1538,0
2757,2653,0
2758,240,0
2759,2627,0
2760,1775,0
2761,864,0
2762,902,0
2763,1700,0
2764,2816,0
2765,3306,0
2766,3735,0
2767,421,1
2768,1743,0
2769,952,0
2770,422,0
2771,3017,0
2772,2160,0
2773,1092,0
2774,519,0
2775,947,0
2776,789,0
2777,356,0
2778,3674,0
2779,1673,0
2780,3289,0
2781,284,0
2782,1563,0
2783,3196,0
2784,3153,0
2785,1309,0
2786,847,0
2787,2540,0
2788,3009,0
2789,2587,0
2790,3036,0
2791,312,0
2792,2904,0
2793,578,0
2794,1983,0
2795,3778,0
2796,872,0
2797,1931,0
2798,3197,0
2799,1657,0
2800,2400,0
2801,277,0
2802,3862,0
2803,1900,0
2804,1455,0
2805,960,0
2806,3692,0
2807,565,0
2808,2711,0
2809,3860,0
2810,2871,0
2811,2415,0
2812,2499,0
2813,770,0
2814,164,0
2815,1628,0
2816,725,0
2817,1707,0
2818,3425,0
2819,1586,0
2820,1815,0
2821,1114,0
2822,2081,0
2823,2512,0
2824,615,0
2825,2209,0
2826,2350,0
2827,955,0
2828,3275,0
2829,1065,0
2830,3543,0
2831,1370,0
2832,961,0
2833,677,0
2834,731,0
2835,2546,0
2836,2076,0
2837,2535,0
2838,3879,0
2839,3458,0
2840,1421,0
2841,547,0
2842,530,0
2843,246,0
2844,2588,0
2845,1356,0
2846,1687,0
2847,3476,0
2848,840,0
2849,997,0
2850,1753,0
2851,3939,0
2852,50,0
2853,930,0
2854,151,1
2855,720,0
2856,345,0
2857,3621,0
2858,2442,0
2859,1292,0
2860,3281,0
2861,15,0
2862,1479,0
2863,2700,0
2864,1858,0
2865,2356,0
2866,3636,0
2867,1256,0
2868,3097,0
2869,4049,0
2870,3159,0
2871,2446,0
2872,728,0
2873,3868,0
2874,3410,0
2875,835,0
2876,592,0
2877,1991,0
2878,785,0
2879,493,0
2880,2931,0
2881,3407,0
2882,1279,0
2883,41,0
2884,3358,0
2885,2969,0
2886,1215,0
2887,122,0
2888,3473,0
2889,1276,0
2890,3415,0
2891,3325,0
2892,1335,0
2893,1972,0
2894,3650,0
2895,2903,0
2896,2846,0
2897,2779,0
2898,33,0
2899,1876,0
2900,934,0
2901,24,0
2902,1222,0
2903,879,0
2904,1744,0
2905,2443,0
2906,88,0
2907,1230,0
2908,2117,0
2909,950,0
2910,3366,0
2911,3365,1
2912,2827,0
2913,3700,0
2914,2453,0
2915,1210,0
2916,2553,0
2917,3766,0
2918,965,0
2919,716,0
2920,1453,1
2921,747,0
2922,843,0
2923,928,0
2924,3471,0
2925,3672,0
2926,566,0
2927,3357,0
2928,579,0
2929,3729,0
2930,2078,0
2931,363,0
2932,1452,0
2933,235,0
2934,1907,0
2935,868,0
2936,1735,0
2937,1676,0
2938,3148,0
2939,1190,0
2940,538,0
2941,802,0
2942,324,0
2943,2584,0
2944,2332,0
2945,138,0
2946,993,0
2947,883,0
2948,1097,1
2949,1447,0
2950,778,0
2951,1160,0
2952,1546,0
2953,3341,0
2954,1006,1
2955,2819,0
2956,3579,0
2957,3603,0
2958,1234,0
2959,3626,0
2960,2595,0
2961,2729,0
2962,663,0
2963,3699,0
2964,1306,0
2965,2905,0
2966,3444,0
2967,3269,0
2968,130,0
2969,1615,0
2970,3564,0
2971,447,0
2972,3138,0
2973,2027,0
2974,2982,0
2975,2482,0
2976,3204,0
2977,3777,0
2978,1150,0
2979,1666,0
2980,1818,0
2981,1922,0
2982,4114,0
2983,3801,0
2984,2955,0
2985,880,0
2986,1080,0
2987,4035,0
2988,3161,0
2989,568,0
2990,317,0
2991,2012,0
2992,3464,0
2993,2518,0
2994,923,0
2995,3568,0
2996,2884,0
2997,3643,0
2998,3968,0
2999,1161,0
3000,2543,0
3001,3332,0
3002,887,0
3003,3751,0
3004,2385,0
3005,455,0
3006,4078,0
3007,1511,0
3008,187,0
3009,2448,0
3010,2237,0
3011,51,0
3012,3419,0
3013,3666,0
3014,1951,0
3015,3127,0
3016,1197,0
3017,3218,0
3018,216,0
3019,1386,0
3020,1953,0
3021,810,0
3022,1920,0
3023,2324,0
3024,1590,0
3025,3385,0
3026,2964,0
3027,2510,0
3028,1497,0
3029,3606,0
3030,3527,0
3031,2023,0
3032,1882,0
3033,2387,0
3034,3253,0
3035,1062,0
3036,2896,0
3037,310,0
3038,1125,0
3039,3405,0
3040,1597,1
3041,3243,0
3042,1179,0
3043,982,0
3044,1175,0
3045,471,0
3046,1885,0
3047,572,0
3048,691,0
3049,1063,0
3050,2594,1
3051,3887,0
3052,1664,0
3053,1244,0
3054,2297,0
3055,3408,0
3056,1974,0
3057,3206,0
3058,3866,0
3059,2626,0
3060,3485,0
3061,3942,0
3062,3969,0
3063,3748,0
3064,72,0
3065,2016,0
3066,1910,0
3067,2765,0
3068,1456,0
3069,2784,0
3070,1286,0
3071,2646,0
3072,994,0
3073,989,0
3074,2392,0
3075,780,0
3076,2352,0
3077,2635,0
3078,1937,0
3079,3,0
3080,2695,0
3081,806,0
3082,170,0
3083,3096,0
3084,1833,0
3085,3154,0
3086,2868,0
3087,1650,0
3088,1658,0
3089,3798,0
3090,4024,0
3091,2221,0
3092,546,0
3093,1144,0
3094,3632,0
3095,2639,0
3096,2134,0
3097,64,0
3098,3004,0
3099,3465,0
3100,1553,0
3101,2835,0
3102,1203,0
3103,3542,0
3104,3077,0
3105,1011,0
3106,3026,0
3107,674,1
3108,3967,0
3109,1397,0
3110,2413,1
3111,2377,0
3112,3225,0
3113,1167,0
3114,2810,0
3115,1124,0
3116,3179,0
3117,1270,0
3118,3548,0
3119,1822,0
3120,2744,0
3121,3430,1
3122,560,0
3123,1166,0
3124,3429,0
3125,1038,0
3126,3290,0
3127,440,0
3128,1826,0
3129,3661,0
3130,2274,0
3131,4007,0
3132,1855,0
3133,3541,0
3134,1434,0
3135,2107,0
3136,3422,0
3137,2797,0
3138,1954,0
3139,3904,0
3140,3841,0
3141,3374,0
3142,610,0
3143,1178,0
3144,3687,0
3145,1438,0
3146,2126,0
3147,2515,0
3148,3812,0
3149,375,0
3150,169,0
3151,2437,0
3152,3703,0
3153,3885,0
3154,1099,0
3155,3577,0
3156,1261,0
3157,4088,0
3158,2151,0
3159,3826,0
3160,390,0
3161,2993,0
3162,3025,0
3163,2461,1
3164,369,0
3165,2484,0
3166,894,0
3167,1489,0
3168,4030,0
3169,792,0
3170,1847,1
3171,275,0
3172,105,0
3173,3507,0
3174,4045,0
3175,3805,0
3176,1288,0
3177,287,0
3178,3611,0
3179,1245,0
3180,2887,0
3181,3082,0
3182,2757,0
3183,3262,0
3184,3943,0
3185,500,0
3186,2334,0
3187,1399,0
3188,845,0
3189,2186,0
3190,1391,0
3191,2612,0
3192,3562,0
3193,649,0
3194,397,0
3195,265,0
3196,673,0
3197,1527,0
3198,991,0
3199,2741,0
3200,890,0
3201,2114,0
3202,1372,0
3203,1565,0
3204,833,0
3205,1287,0
3206,2250,0
3207,642,0
3208,1199,0
3209,2099,0
3210,148,0
3211,2898,0
3212,3171,0
3213,490,0
3214,2907,0
3215,3286,0
3216,2416,0
3217,2677,0
3218,2638,1
3219,4091,0
3220,2343,0
3221,3749,0
3222,917,0
3223,3051,0
3224,3990,0
3225,1629,0
3226,824,0
3227,1223,0
3228,3030,0
3229,1499,0
3230,1777,0
3231,743,0
3232,2193,0
3233,2921,0
3234,1196,0
3235,1480,0
3236,3080,0
3237,1314,0
3238,2424,0
3239,2228,0
3240,2764,0
3241,1154,0
3242,224,0
3243,531,0
3244,3181,0
3245,1344,0
3246,107,0
3247,4038,1
3248,2708,0
3249,1326,0
3250,2202,0
3251,2139,1
3252,1671,0
3253,2945,0
3254,1478,0
3255,2503,0
3256,2113,0
3257,3394,0
3258,343,0
3259,2056,0
3260,197,0
3261,3727,0
3262,1754,0
3263,441,0
3264,3664,0
3265,583,0
3266,2946,0
3267,1305,0
3268,3877,0
3269,3044,0
3270,1750,0
3271,1569,0
3272,844,0
3273,2768,0
3274,473,0
3275,1606,0
3276,2949,0
3277,379,0
3278,878,0
3279,1984,0
3280,1510,0
3281,1721,0
3282,2582,0
3283,1419,0
3284,2917,0
3285,3802,0
3286,515,0
3287,3813,0
3288,617,0
3289,757,0
3290,3019,0
3291,3254,1
3292,693,0
3293,109,0
3294,939,0
